voice,notes
sherpa:libritts_r:0,sampled
sherpa:libritts_r:1,
sherpa:libritts_r:2,
sherpa:libritts_r:3,
sherpa:libritts_r:4,
sherpa:libritts_r:5,
sherpa:libritts_r:6,
sherpa:libritts_r:7,
sherpa:libritts_r:8,
sherpa:libritts_r:9,
sherpa:libritts_r:10,
sherpa:libritts_r:11,
sherpa:libritts_r:12,
sherpa:libritts_r:13,
sherpa:libritts_r:14,
sherpa:libritts_r:15,
sherpa:libritts_r:16,
sherpa:libritts_r:17,
sherpa:libritts_r:18,
sherpa:libritts_r:19,
sherpa:libritts_r:20,
sherpa:libritts_r:21,
sherpa:libritts_r:22,
sherpa:libritts_r:23,
sherpa:libritts_r:24,
sherpa:libritts_r:25,
sherpa:libritts_r:26,
sherpa:libritts_r:27,
sherpa:libritts_r:28,
sherpa:libritts_r:29,
sherpa:libritts_r:30,
sherpa:libritts_r:31,
sherpa:libritts_r:32,
sherpa:libritts_r:33,
sherpa:libritts_r:34,
sherpa:libritts_r:35,
sherpa:libritts_r:36,
sherpa:libritts_r:37,
sherpa:libritts_r:38,
sherpa:libritts_r:39,
sherpa:libritts_r:40,
sherpa:libritts_r:41,
sherpa:libritts_r:42,
sherpa:libritts_r:43,
sherpa:libritts_r:44,
sherpa:libritts_r:45,
sherpa:libritts_r:46,
sherpa:libritts_r:47,
sherpa:libritts_r:48,
sherpa:libritts_r:49,
sherpa:libritts_r:50,
sherpa:libritts_r:51,
sherpa:libritts_r:52,
sherpa:libritts_r:53,
sherpa:libritts_r:54,
sherpa:libritts_r:55,
sherpa:libritts_r:56,
sherpa:libritts_r:57,
sherpa:libritts_r:58,
sherpa:libritts_r:59,
sherpa:libritts_r:60,
sherpa:libritts_r:61,
sherpa:libritts_r:62,
sherpa:libritts_r:63,
sherpa:libritts_r:64,
sherpa:libritts_r:65,
sherpa:libritts_r:66,
sherpa:libritts_r:67,
sherpa:libritts_r:68,
sherpa:libritts_r:69,
sherpa:libritts_r:70,
sherpa:libritts_r:71,
sherpa:libritts_r:72,
sherpa:libritts_r:73,
sherpa:libritts_r:74,
sherpa:libritts_r:75,
sherpa:libritts_r:76,
sherpa:libritts_r:77,
sherpa:libritts_r:78,
sherpa:libritts_r:79,
sherpa:libritts_r:80,
sherpa:libritts_r:81,
sherpa:libritts_r:82,
sherpa:libritts_r:83,
sherpa:libritts_r:84,
sherpa:libritts_r:85,
sherpa:libritts_r:86,
sherpa:libritts_r:87,
sherpa:libritts_r:88,
sherpa:libritts_r:89,
sherpa:libritts_r:90,
sherpa:libritts_r:91,
sherpa:libritts_r:92,
sherpa:libritts_r:93,
sherpa:libritts_r:94,
sherpa:libritts_r:95,
sherpa:libritts_r:96,
sherpa:libritts_r:97,
sherpa:libritts_r:98,
sherpa:libritts_r:99,
sherpa:libritts_r:100,sampled
sherpa:libritts_r:101,
sherpa:libritts_r:102,
sherpa:libritts_r:103,
sherpa:libritts_r:104,
sherpa:libritts_r:105,
sherpa:libritts_r:106,
sherpa:libritts_r:107,
sherpa:libritts_r:108,
sherpa:libritts_r:109,
sherpa:libritts_r:110,
sherpa:libritts_r:111,
sherpa:libritts_r:112,
sherpa:libritts_r:113,
sherpa:libritts_r:114,
sherpa:libritts_r:115,
sherpa:libritts_r:116,
sherpa:libritts_r:117,
sherpa:libritts_r:118,
sherpa:libritts_r:119,
sherpa:libritts_r:120,
sherpa:libritts_r:121,
sherpa:libritts_r:122,
sherpa:libritts_r:123,
sherpa:libritts_r:124,
sherpa:libritts_r:125,
sherpa:libritts_r:126,
sherpa:libritts_r:127,
sherpa:libritts_r:128,
sherpa:libritts_r:129,
sherpa:libritts_r:130,
sherpa:libritts_r:131,
sherpa:libritts_r:132,
sherpa:libritts_r:133,
sherpa:libritts_r:134,
sherpa:libritts_r:135,
sherpa:libritts_r:136,
sherpa:libritts_r:137,
sherpa:libritts_r:138,
sherpa:libritts_r:139,
sherpa:libritts_r:140,
sherpa:libritts_r:141,
sherpa:libritts_r:142,
sherpa:libritts_r:143,
sherpa:libritts_r:144,
sherpa:libritts_r:145,
sherpa:libritts_r:146,
sherpa:libritts_r:147,
sherpa:libritts_r:148,
sherpa:libritts_r:149,
sherpa:libritts_r:150,
sherpa:libritts_r:151,
sherpa:libritts_r:152,
sherpa:libritts_r:153,
sherpa:libritts_r:154,
sherpa:libritts_r:155,
sherpa:libritts_r:156,
sherpa:libritts_r:157,
sherpa:libritts_r:158,
sherpa:libritts_r:159,
sherpa:libritts_r:160,
sherpa:libritts_r:161,
sherpa:libritts_r:162,
sherpa:libritts_r:163,
sherpa:libritts_r:164,
sherpa:libritts_r:165,
sherpa:libritts_r:166,
sherpa:libritts_r:167,
sherpa:libritts_r:168,
sherpa:libritts_r:169,
sherpa:libritts_r:170,
sherpa:libritts_r:171,
sherpa:libritts_r:172,
sherpa:libritts_r:173,
sherpa:libritts_r:174,
sherpa:libritts_r:175,
sherpa:libritts_r:176,
sherpa:libritts_r:177,
sherpa:libritts_r:178,
sherpa:libritts_r:179,
sherpa:libritts_r:180,
sherpa:libritts_r:181,
sherpa:libritts_r:182,
sherpa:libritts_r:183,
sherpa:libritts_r:184,
sherpa:libritts_r:185,
sherpa:libritts_r:186,
sherpa:libritts_r:187,
sherpa:libritts_r:188,
sherpa:libritts_r:189,
sherpa:libritts_r:190,
sherpa:libritts_r:191,
sherpa:libritts_r:192,
sherpa:libritts_r:193,
sherpa:libritts_r:194,
sherpa:libritts_r:195,
sherpa:libritts_r:196,
sherpa:libritts_r:197,
sherpa:libritts_r:198,
sherpa:libritts_r:199,
sherpa:libritts_r:200,
sherpa:libritts_r:201,
sherpa:libritts_r:202,
sherpa:libritts_r:203,
sherpa:libritts_r:204,
sherpa:libritts_r:205,
sherpa:libritts_r:206,
sherpa:libritts_r:207,
sherpa:libritts_r:208,
sherpa:libritts_r:209,
sherpa:libritts_r:210,
sherpa:libritts_r:211,
sherpa:libritts_r:212,
sherpa:libritts_r:213,
sherpa:libritts_r:214,
sherpa:libritts_r:215,
sherpa:libritts_r:216,
sherpa:libritts_r:217,
sherpa:libritts_r:218,
sherpa:libritts_r:219,
sherpa:libritts_r:220,
sherpa:libritts_r:221,
sherpa:libritts_r:222,
sherpa:libritts_r:223,
sherpa:libritts_r:224,
sherpa:libritts_r:225,
sherpa:libritts_r:226,
sherpa:libritts_r:227,
sherpa:libritts_r:228,
sherpa:libritts_r:229,
sherpa:libritts_r:230,
sherpa:libritts_r:231,
sherpa:libritts_r:232,
sherpa:libritts_r:233,
sherpa:libritts_r:234,
sherpa:libritts_r:235,
sherpa:libritts_r:236,
sherpa:libritts_r:237,
sherpa:libritts_r:238,
sherpa:libritts_r:239,
sherpa:libritts_r:240,
sherpa:libritts_r:241,
sherpa:libritts_r:242,
sherpa:libritts_r:243,
sherpa:libritts_r:244,
sherpa:libritts_r:245,
sherpa:libritts_r:246,
sherpa:libritts_r:247,
sherpa:libritts_r:248,
sherpa:libritts_r:249,
sherpa:libritts_r:250,
sherpa:libritts_r:251,
sherpa:libritts_r:252,
sherpa:libritts_r:253,
sherpa:libritts_r:254,
sherpa:libritts_r:255,
sherpa:libritts_r:256,
sherpa:libritts_r:257,
sherpa:libritts_r:258,
sherpa:libritts_r:259,
sherpa:libritts_r:260,
sherpa:libritts_r:261,
sherpa:libritts_r:262,
sherpa:libritts_r:263,
sherpa:libritts_r:264,
sherpa:libritts_r:265,
sherpa:libritts_r:266,
sherpa:libritts_r:267,
sherpa:libritts_r:268,
sherpa:libritts_r:269,
sherpa:libritts_r:270,
sherpa:libritts_r:271,
sherpa:libritts_r:272,
sherpa:libritts_r:273,
sherpa:libritts_r:274,
sherpa:libritts_r:275,
sherpa:libritts_r:276,
sherpa:libritts_r:277,
sherpa:libritts_r:278,
sherpa:libritts_r:279,
sherpa:libritts_r:280,
sherpa:libritts_r:281,
sherpa:libritts_r:282,
sherpa:libritts_r:283,
sherpa:libritts_r:284,
sherpa:libritts_r:285,
sherpa:libritts_r:286,
sherpa:libritts_r:287,
sherpa:libritts_r:288,
sherpa:libritts_r:289,
sherpa:libritts_r:290,
sherpa:libritts_r:291,
sherpa:libritts_r:292,
sherpa:libritts_r:293,
sherpa:libritts_r:294,
sherpa:libritts_r:295,
sherpa:libritts_r:296,
sherpa:libritts_r:297,
sherpa:libritts_r:298,
sherpa:libritts_r:299,
sherpa:libritts_r:300,
sherpa:libritts_r:301,
sherpa:libritts_r:302,
sherpa:libritts_r:303,
sherpa:libritts_r:304,
sherpa:libritts_r:305,
sherpa:libritts_r:306,
sherpa:libritts_r:307,
sherpa:libritts_r:308,
sherpa:libritts_r:309,
sherpa:libritts_r:310,
sherpa:libritts_r:311,
sherpa:libritts_r:312,
sherpa:libritts_r:313,
sherpa:libritts_r:314,
sherpa:libritts_r:315,
sherpa:libritts_r:316,
sherpa:libritts_r:317,
sherpa:libritts_r:318,
sherpa:libritts_r:319,
sherpa:libritts_r:320,
sherpa:libritts_r:321,
sherpa:libritts_r:322,
sherpa:libritts_r:323,
sherpa:libritts_r:324,
sherpa:libritts_r:325,
sherpa:libritts_r:326,
sherpa:libritts_r:327,
sherpa:libritts_r:328,
sherpa:libritts_r:329,
sherpa:libritts_r:330,
sherpa:libritts_r:331,
sherpa:libritts_r:332,
sherpa:libritts_r:333,
sherpa:libritts_r:334,
sherpa:libritts_r:335,
sherpa:libritts_r:336,
sherpa:libritts_r:337,
sherpa:libritts_r:338,
sherpa:libritts_r:339,
sherpa:libritts_r:340,
sherpa:libritts_r:341,
sherpa:libritts_r:342,
sherpa:libritts_r:343,
sherpa:libritts_r:344,
sherpa:libritts_r:345,
sherpa:libritts_r:346,
sherpa:libritts_r:347,
sherpa:libritts_r:348,
sherpa:libritts_r:349,
sherpa:libritts_r:350,
sherpa:libritts_r:351,
sherpa:libritts_r:352,
sherpa:libritts_r:353,
sherpa:libritts_r:354,
sherpa:libritts_r:355,
sherpa:libritts_r:356,
sherpa:libritts_r:357,
sherpa:libritts_r:358,
sherpa:libritts_r:359,
sherpa:libritts_r:360,
sherpa:libritts_r:361,
sherpa:libritts_r:362,
sherpa:libritts_r:363,
sherpa:libritts_r:364,
sherpa:libritts_r:365,
sherpa:libritts_r:366,
sherpa:libritts_r:367,
sherpa:libritts_r:368,
sherpa:libritts_r:369,
sherpa:libritts_r:370,
sherpa:libritts_r:371,
sherpa:libritts_r:372,
sherpa:libritts_r:373,
sherpa:libritts_r:374,
sherpa:libritts_r:375,
sherpa:libritts_r:376,
sherpa:libritts_r:377,
sherpa:libritts_r:378,
sherpa:libritts_r:379,
sherpa:libritts_r:380,
sherpa:libritts_r:381,
sherpa:libritts_r:382,
sherpa:libritts_r:383,
sherpa:libritts_r:384,
sherpa:libritts_r:385,
sherpa:libritts_r:386,
sherpa:libritts_r:387,
sherpa:libritts_r:388,
sherpa:libritts_r:389,
sherpa:libritts_r:390,
sherpa:libritts_r:391,
sherpa:libritts_r:392,
sherpa:libritts_r:393,
sherpa:libritts_r:394,
sherpa:libritts_r:395,
sherpa:libritts_r:396,
sherpa:libritts_r:397,
sherpa:libritts_r:398,
sherpa:libritts_r:399,
sherpa:libritts_r:400,
sherpa:libritts_r:401,
sherpa:libritts_r:402,
sherpa:libritts_r:403,
sherpa:libritts_r:404,
sherpa:libritts_r:405,
sherpa:libritts_r:406,
sherpa:libritts_r:407,
sherpa:libritts_r:408,
sherpa:libritts_r:409,
sherpa:libritts_r:410,
sherpa:libritts_r:411,
sherpa:libritts_r:412,
sherpa:libritts_r:413,
sherpa:libritts_r:414,
sherpa:libritts_r:415,
sherpa:libritts_r:416,
sherpa:libritts_r:417,
sherpa:libritts_r:418,
sherpa:libritts_r:419,
sherpa:libritts_r:420,
sherpa:libritts_r:421,
sherpa:libritts_r:422,
sherpa:libritts_r:423,
sherpa:libritts_r:424,
sherpa:libritts_r:425,
sherpa:libritts_r:426,
sherpa:libritts_r:427,
sherpa:libritts_r:428,
sherpa:libritts_r:429,
sherpa:libritts_r:430,
sherpa:libritts_r:431,
sherpa:libritts_r:432,
sherpa:libritts_r:433,
sherpa:libritts_r:434,
sherpa:libritts_r:435,
sherpa:libritts_r:436,
sherpa:libritts_r:437,
sherpa:libritts_r:438,
sherpa:libritts_r:439,
sherpa:libritts_r:440,
sherpa:libritts_r:441,
sherpa:libritts_r:442,
sherpa:libritts_r:443,
sherpa:libritts_r:444,
sherpa:libritts_r:445,
sherpa:libritts_r:446,
sherpa:libritts_r:447,
sherpa:libritts_r:448,
sherpa:libritts_r:449,
sherpa:libritts_r:450,
sherpa:libritts_r:451,
sherpa:libritts_r:452,
sherpa:libritts_r:453,
sherpa:libritts_r:454,
sherpa:libritts_r:455,
sherpa:libritts_r:456,
sherpa:libritts_r:457,
sherpa:libritts_r:458,
sherpa:libritts_r:459,
sherpa:libritts_r:460,
sherpa:libritts_r:461,
sherpa:libritts_r:462,
sherpa:libritts_r:463,
sherpa:libritts_r:464,
sherpa:libritts_r:465,
sherpa:libritts_r:466,
sherpa:libritts_r:467,
sherpa:libritts_r:468,
sherpa:libritts_r:469,
sherpa:libritts_r:470,
sherpa:libritts_r:471,
sherpa:libritts_r:472,
sherpa:libritts_r:473,
sherpa:libritts_r:474,
sherpa:libritts_r:475,
sherpa:libritts_r:476,
sherpa:libritts_r:477,
sherpa:libritts_r:478,
sherpa:libritts_r:479,
sherpa:libritts_r:480,
sherpa:libritts_r:481,
sherpa:libritts_r:482,
sherpa:libritts_r:483,
sherpa:libritts_r:484,
sherpa:libritts_r:485,
sherpa:libritts_r:486,
sherpa:libritts_r:487,
sherpa:libritts_r:488,
sherpa:libritts_r:489,
sherpa:libritts_r:490,
sherpa:libritts_r:491,
sherpa:libritts_r:492,
sherpa:libritts_r:493,
sherpa:libritts_r:494,
sherpa:libritts_r:495,
sherpa:libritts_r:496,
sherpa:libritts_r:497,
sherpa:libritts_r:498,
sherpa:libritts_r:499,
sherpa:libritts_r:500,sampled
sherpa:libritts_r:501,
sherpa:libritts_r:502,
sherpa:libritts_r:503,
sherpa:libritts_r:504,
sherpa:libritts_r:505,
sherpa:libritts_r:506,
sherpa:libritts_r:507,
sherpa:libritts_r:508,
sherpa:libritts_r:509,
sherpa:libritts_r:510,
sherpa:libritts_r:511,
sherpa:libritts_r:512,
sherpa:libritts_r:513,
sherpa:libritts_r:514,
sherpa:libritts_r:515,
sherpa:libritts_r:516,
sherpa:libritts_r:517,
sherpa:libritts_r:518,
sherpa:libritts_r:519,
sherpa:libritts_r:520,
sherpa:libritts_r:521,
sherpa:libritts_r:522,
sherpa:libritts_r:523,
sherpa:libritts_r:524,
sherpa:libritts_r:525,
sherpa:libritts_r:526,
sherpa:libritts_r:527,
sherpa:libritts_r:528,
sherpa:libritts_r:529,
sherpa:libritts_r:530,
sherpa:libritts_r:531,
sherpa:libritts_r:532,
sherpa:libritts_r:533,
sherpa:libritts_r:534,
sherpa:libritts_r:535,
sherpa:libritts_r:536,
sherpa:libritts_r:537,
sherpa:libritts_r:538,
sherpa:libritts_r:539,
sherpa:libritts_r:540,
sherpa:libritts_r:541,
sherpa:libritts_r:542,
sherpa:libritts_r:543,
sherpa:libritts_r:544,
sherpa:libritts_r:545,
sherpa:libritts_r:546,
sherpa:libritts_r:547,
sherpa:libritts_r:548,
sherpa:libritts_r:549,
sherpa:libritts_r:550,
sherpa:libritts_r:551,
sherpa:libritts_r:552,
sherpa:libritts_r:553,
sherpa:libritts_r:554,
sherpa:libritts_r:555,
sherpa:libritts_r:556,
sherpa:libritts_r:557,
sherpa:libritts_r:558,
sherpa:libritts_r:559,
sherpa:libritts_r:560,
sherpa:libritts_r:561,
sherpa:libritts_r:562,
sherpa:libritts_r:563,
sherpa:libritts_r:564,
sherpa:libritts_r:565,
sherpa:libritts_r:566,
sherpa:libritts_r:567,
sherpa:libritts_r:568,
sherpa:libritts_r:569,
sherpa:libritts_r:570,
sherpa:libritts_r:571,
sherpa:libritts_r:572,
sherpa:libritts_r:573,
sherpa:libritts_r:574,
sherpa:libritts_r:575,
sherpa:libritts_r:576,
sherpa:libritts_r:577,
sherpa:libritts_r:578,
sherpa:libritts_r:579,
sherpa:libritts_r:580,
sherpa:libritts_r:581,
sherpa:libritts_r:582,
sherpa:libritts_r:583,
sherpa:libritts_r:584,
sherpa:libritts_r:585,
sherpa:libritts_r:586,
sherpa:libritts_r:587,
sherpa:libritts_r:588,
sherpa:libritts_r:589,
sherpa:libritts_r:590,
sherpa:libritts_r:591,
sherpa:libritts_r:592,
sherpa:libritts_r:593,
sherpa:libritts_r:594,
sherpa:libritts_r:595,
sherpa:libritts_r:596,
sherpa:libritts_r:597,
sherpa:libritts_r:598,
sherpa:libritts_r:599,
sherpa:libritts_r:600,
sherpa:libritts_r:601,
sherpa:libritts_r:602,
sherpa:libritts_r:603,
sherpa:libritts_r:604,
sherpa:libritts_r:605,
sherpa:libritts_r:606,
sherpa:libritts_r:607,
sherpa:libritts_r:608,
sherpa:libritts_r:609,
sherpa:libritts_r:610,
sherpa:libritts_r:611,
sherpa:libritts_r:612,
sherpa:libritts_r:613,
sherpa:libritts_r:614,
sherpa:libritts_r:615,
sherpa:libritts_r:616,
sherpa:libritts_r:617,
sherpa:libritts_r:618,
sherpa:libritts_r:619,
sherpa:libritts_r:620,
sherpa:libritts_r:621,
sherpa:libritts_r:622,
sherpa:libritts_r:623,
sherpa:libritts_r:624,
sherpa:libritts_r:625,
sherpa:libritts_r:626,
sherpa:libritts_r:627,
sherpa:libritts_r:628,
sherpa:libritts_r:629,
sherpa:libritts_r:630,
sherpa:libritts_r:631,
sherpa:libritts_r:632,
sherpa:libritts_r:633,
sherpa:libritts_r:634,
sherpa:libritts_r:635,
sherpa:libritts_r:636,
sherpa:libritts_r:637,
sherpa:libritts_r:638,
sherpa:libritts_r:639,
sherpa:libritts_r:640,
sherpa:libritts_r:641,
sherpa:libritts_r:642,
sherpa:libritts_r:643,
sherpa:libritts_r:644,
sherpa:libritts_r:645,
sherpa:libritts_r:646,
sherpa:libritts_r:647,
sherpa:libritts_r:648,
sherpa:libritts_r:649,
sherpa:libritts_r:650,
sherpa:libritts_r:651,
sherpa:libritts_r:652,
sherpa:libritts_r:653,
sherpa:libritts_r:654,
sherpa:libritts_r:655,
sherpa:libritts_r:656,
sherpa:libritts_r:657,
sherpa:libritts_r:658,
sherpa:libritts_r:659,
sherpa:libritts_r:660,
sherpa:libritts_r:661,
sherpa:libritts_r:662,
sherpa:libritts_r:663,
sherpa:libritts_r:664,
sherpa:libritts_r:665,
sherpa:libritts_r:666,
sherpa:libritts_r:667,
sherpa:libritts_r:668,
sherpa:libritts_r:669,
sherpa:libritts_r:670,
sherpa:libritts_r:671,
sherpa:libritts_r:672,
sherpa:libritts_r:673,
sherpa:libritts_r:674,
sherpa:libritts_r:675,
sherpa:libritts_r:676,
sherpa:libritts_r:677,
sherpa:libritts_r:678,
sherpa:libritts_r:679,
sherpa:libritts_r:680,
sherpa:libritts_r:681,
sherpa:libritts_r:682,
sherpa:libritts_r:683,
sherpa:libritts_r:684,
sherpa:libritts_r:685,
sherpa:libritts_r:686,
sherpa:libritts_r:687,
sherpa:libritts_r:688,
sherpa:libritts_r:689,
sherpa:libritts_r:690,
sherpa:libritts_r:691,
sherpa:libritts_r:692,
sherpa:libritts_r:693,
sherpa:libritts_r:694,
sherpa:libritts_r:695,
sherpa:libritts_r:696,
sherpa:libritts_r:697,
sherpa:libritts_r:698,
sherpa:libritts_r:699,
sherpa:libritts_r:700,
sherpa:libritts_r:701,
sherpa:libritts_r:702,
sherpa:libritts_r:703,
sherpa:libritts_r:704,
sherpa:libritts_r:705,
sherpa:libritts_r:706,
sherpa:libritts_r:707,
sherpa:libritts_r:708,
sherpa:libritts_r:709,
sherpa:libritts_r:710,
sherpa:libritts_r:711,
sherpa:libritts_r:712,
sherpa:libritts_r:713,
sherpa:libritts_r:714,
sherpa:libritts_r:715,
sherpa:libritts_r:716,
sherpa:libritts_r:717,
sherpa:libritts_r:718,
sherpa:libritts_r:719,
sherpa:libritts_r:720,
sherpa:libritts_r:721,
sherpa:libritts_r:722,
sherpa:libritts_r:723,
sherpa:libritts_r:724,
sherpa:libritts_r:725,
sherpa:libritts_r:726,
sherpa:libritts_r:727,
sherpa:libritts_r:728,
sherpa:libritts_r:729,
sherpa:libritts_r:730,
sherpa:libritts_r:731,
sherpa:libritts_r:732,
sherpa:libritts_r:733,
sherpa:libritts_r:734,
sherpa:libritts_r:735,
sherpa:libritts_r:736,
sherpa:libritts_r:737,
sherpa:libritts_r:738,
sherpa:libritts_r:739,
sherpa:libritts_r:740,
sherpa:libritts_r:741,
sherpa:libritts_r:742,
sherpa:libritts_r:743,
sherpa:libritts_r:744,
sherpa:libritts_r:745,
sherpa:libritts_r:746,
sherpa:libritts_r:747,
sherpa:libritts_r:748,
sherpa:libritts_r:749,
sherpa:libritts_r:750,
sherpa:libritts_r:751,
sherpa:libritts_r:752,
sherpa:libritts_r:753,
sherpa:libritts_r:754,
sherpa:libritts_r:755,
sherpa:libritts_r:756,
sherpa:libritts_r:757,
sherpa:libritts_r:758,
sherpa:libritts_r:759,
sherpa:libritts_r:760,
sherpa:libritts_r:761,
sherpa:libritts_r:762,
sherpa:libritts_r:763,
sherpa:libritts_r:764,
sherpa:libritts_r:765,
sherpa:libritts_r:766,
sherpa:libritts_r:767,
sherpa:libritts_r:768,
sherpa:libritts_r:769,
sherpa:libritts_r:770,
sherpa:libritts_r:771,
sherpa:libritts_r:772,
sherpa:libritts_r:773,
sherpa:libritts_r:774,
sherpa:libritts_r:775,
sherpa:libritts_r:776,
sherpa:libritts_r:777,
sherpa:libritts_r:778,
sherpa:libritts_r:779,
sherpa:libritts_r:780,
sherpa:libritts_r:781,
sherpa:libritts_r:782,
sherpa:libritts_r:783,
sherpa:libritts_r:784,
sherpa:libritts_r:785,
sherpa:libritts_r:786,
sherpa:libritts_r:787,
sherpa:libritts_r:788,
sherpa:libritts_r:789,
sherpa:libritts_r:790,
sherpa:libritts_r:791,
sherpa:libritts_r:792,
sherpa:libritts_r:793,
sherpa:libritts_r:794,
sherpa:libritts_r:795,
sherpa:libritts_r:796,
sherpa:libritts_r:797,
sherpa:libritts_r:798,
sherpa:libritts_r:799,
sherpa:libritts_r:800,
sherpa:libritts_r:801,
sherpa:libritts_r:802,
sherpa:libritts_r:803,
sherpa:libritts_r:804,
sherpa:libritts_r:805,
sherpa:libritts_r:806,
sherpa:libritts_r:807,
sherpa:libritts_r:808,
sherpa:libritts_r:809,
sherpa:libritts_r:810,
sherpa:libritts_r:811,
sherpa:libritts_r:812,
sherpa:libritts_r:813,
sherpa:libritts_r:814,
sherpa:libritts_r:815,
sherpa:libritts_r:816,
sherpa:libritts_r:817,
sherpa:libritts_r:818,
sherpa:libritts_r:819,
sherpa:libritts_r:820,
sherpa:libritts_r:821,
sherpa:libritts_r:822,
sherpa:libritts_r:823,
sherpa:libritts_r:824,
sherpa:libritts_r:825,
sherpa:libritts_r:826,
sherpa:libritts_r:827,
sherpa:libritts_r:828,
sherpa:libritts_r:829,
sherpa:libritts_r:830,
sherpa:libritts_r:831,
sherpa:libritts_r:832,
sherpa:libritts_r:833,
sherpa:libritts_r:834,
sherpa:libritts_r:835,
sherpa:libritts_r:836,
sherpa:libritts_r:837,
sherpa:libritts_r:838,
sherpa:libritts_r:839,
sherpa:libritts_r:840,
sherpa:libritts_r:841,
sherpa:libritts_r:842,
sherpa:libritts_r:843,
sherpa:libritts_r:844,
sherpa:libritts_r:845,
sherpa:libritts_r:846,
sherpa:libritts_r:847,
sherpa:libritts_r:848,
sherpa:libritts_r:849,
sherpa:libritts_r:850,
sherpa:libritts_r:851,
sherpa:libritts_r:852,
sherpa:libritts_r:853,
sherpa:libritts_r:854,
sherpa:libritts_r:855,
sherpa:libritts_r:856,
sherpa:libritts_r:857,
sherpa:libritts_r:858,
sherpa:libritts_r:859,
sherpa:libritts_r:860,
sherpa:libritts_r:861,
sherpa:libritts_r:862,
sherpa:libritts_r:863,
sherpa:libritts_r:864,
sherpa:libritts_r:865,
sherpa:libritts_r:866,
sherpa:libritts_r:867,
sherpa:libritts_r:868,
sherpa:libritts_r:869,
sherpa:libritts_r:870,
sherpa:libritts_r:871,
sherpa:libritts_r:872,
sherpa:libritts_r:873,
sherpa:libritts_r:874,
sherpa:libritts_r:875,
sherpa:libritts_r:876,
sherpa:libritts_r:877,
sherpa:libritts_r:878,
sherpa:libritts_r:879,
sherpa:libritts_r:880,
sherpa:libritts_r:881,
sherpa:libritts_r:882,
sherpa:libritts_r:883,
sherpa:libritts_r:884,
sherpa:libritts_r:885,
sherpa:libritts_r:886,
sherpa:libritts_r:887,
sherpa:libritts_r:888,
sherpa:libritts_r:889,
sherpa:libritts_r:890,
sherpa:libritts_r:891,
sherpa:libritts_r:892,
sherpa:libritts_r:893,
sherpa:libritts_r:894,
sherpa:libritts_r:895,
sherpa:libritts_r:896,
sherpa:libritts_r:897,
sherpa:libritts_r:898,
sherpa:libritts_r:899,
sherpa:libritts_r:900,
sherpa:libritts_r:901,
sherpa:libritts_r:902,
sherpa:libritts_r:903,
